[
  {
    "id": "767e20e9-1509-4bba-9c24-e3640b5c2bb7",
    "data": [
      {
        "text": "привет привет",
        "userDefined": false
      }
    ],
    "isTemplate": false,
    "count": 0,
    "lang": "ru",
    "updated": 0
  },
  {
    "id": "bde4e3cd-0b75-4a56-8344-4946e5668ad1",
    "data": [
      {
        "text": "здравствуй",
        "userDefined": false
      }
    ],
    "isTemplate": false,
    "count": 0,
    "lang": "ru",
    "updated": 0
  },
  {
    "id": "eeabe5b8-e44b-4e7d-bfbe-837a1725b4c3",
    "data": [
      {
        "text": "привет",
        "userDefined": false
      }
    ],
    "isTemplate": false,
    "count": 0,
    "lang": "ru",
    "updated": 0
  },
  {
    "id": "f24a9aaa-a1e5-4031-afff-97b0f6d5e33b",
    "data": [
      {
        "text": "приветствую",
        "userDefined": false
      }
    ],
    "isTemplate": false,
    "count": 0,
    "lang": "ru",
    "updated": 0
  },
  {
    "id": "0dd4f79e-c3e5-4e03-8ca9-94a42a4f2f18",
    "data": [
      {
        "text": "всем привет",
        "userDefined": false
      }
    ],
    "isTemplate": false,
    "count": 0,
    "lang": "ru",
    "updated": 0
  },
  {
    "id": "9ad71a19-7ee4-4d2c-9272-36bac7fd3800",
    "data": [
      {
        "text": "хей",
        "userDefined": false
      }
    ],
    "isTemplate": false,
    "count": 0,
    "lang": "ru",
    "updated": 0
  },
  {
    "id": "529fc52d-171a-4c33-858a-d73f44be5d33",
    "data": [
      {
        "text": "чао",
        "userDefined": false
      }
    ],
    "isTemplate": false,
    "count": 0,
    "lang": "ru",
    "updated": 0
  },
  {
    "id": "d437539b-98e8-4310-88be-287cceac309a",
    "data": [
      {
        "text": "приветствую тебя",
        "userDefined": false
      }
    ],
    "isTemplate": false,
    "count": 0,
    "lang": "ru",
    "updated": 0
  },
  {
    "id": "b661ea54-a308-403c-8460-46b03f791cca",
    "data": [
      {
        "text": "приветик",
        "userDefined": false
      }
    ],
    "isTemplate": false,
    "count": 0,
    "lang": "ru",
    "updated": 0
  },
  {
    "id": "04130dd2-906a-4b46-9ece-95f0c9323964",
    "data": [
      {
        "text": "и снова здравствуйте",
        "userDefined": false
      }
    ],
    "isTemplate": false,
    "count": 0,
    "lang": "ru",
    "updated": 0
  },
  {
    "id": "e89681e4-4357-4749-843c-309e12b62e73",
    "data": [
      {
        "text": "здравствуйте",
        "userDefined": false
      }
    ],
    "isTemplate": false,
    "count": 0,
    "lang": "ru",
    "updated": 0
  },
  {
    "id": "411d5a96-f4f7-48c5-8220-7b25cc8766cd",
    "data": [
      {
        "text": "давно не виделись",
        "userDefined": false
      }
    ],
    "isTemplate": false,
    "count": 0,
    "lang": "ru",
    "updated": 0
  },
  {
    "id": "e0cf51aa-f0eb-4d8d-b053-3adf8412a8d5",
    "data": [
      {
        "text": "просто хотел поздороваться",
        "userDefined": false
      }
    ],
    "isTemplate": false,
    "count": 0,
    "lang": "ru",
    "updated": 0
  },
  {
    "id": "f6adb0cf-cbc4-43a2-a67b-f77d63bb1012",
    "data": [
      {
        "text": "хотелось бы тебя поприветствовать",
        "userDefined": false
      }
    ],
    "isTemplate": false,
    "count": 0,
    "lang": "ru",
    "updated": 0
  },
  {
    "id": "e29f823f-c0c1-43ef-9629-58e167f93eda",
    "data": [
      {
        "text": "хочу сказать тебе привет",
        "userDefined": false
      }
    ],
    "isTemplate": false,
    "count": 0,
    "lang": "ru",
    "updated": 0
  }
]