[
  {
    "id": "f3607c13-82f0-4af0-8ffe-31b69a42c0b1",
    "data": [
      {
        "text": "скажи ",
        "userDefined": false
      },
      {
        "text": "триста",
        "meta": "@sys.number",
        "alias": "number",
        "userDefined": false
      }
    ],
    "isTemplate": false,
    "count": 0,
    "lang": "ru",
    "updated": 0
  },
  {
    "id": "6eb4c494-70a9-49f0-a8d7-e0b6b1298de6",
    "data": [
      {
        "text": "скажи число ",
        "userDefined": false
      },
      {
        "text": "3",
        "meta": "@sys.number",
        "alias": "number",
        "userDefined": false
      }
    ],
    "isTemplate": false,
    "count": 0,
    "lang": "ru",
    "updated": 0
  },
  {
    "id": "e935b702-6fe1-4acf-a671-116513612d90",
    "data": [
      {
        "text": "назови цифру ",
        "userDefined": false
      },
      {
        "text": "3",
        "meta": "@sys.number",
        "alias": "number",
        "userDefined": false
      }
    ],
    "isTemplate": false,
    "count": 0,
    "lang": "ru",
    "updated": 0
  },
  {
    "id": "527336dd-a28e-4b44-acad-2b9c34398182",
    "data": [
      {
        "text": "произнеси цифру ",
        "userDefined": false
      },
      {
        "text": "3",
        "meta": "@sys.number",
        "alias": "number",
        "userDefined": false
      }
    ],
    "isTemplate": false,
    "count": 0,
    "lang": "ru",
    "updated": 0
  },
  {
    "id": "50b9ddd9-6ce9-4ead-af30-b4ad1684ee93",
    "data": [
      {
        "text": "скажи цифру ",
        "userDefined": false
      },
      {
        "text": "3",
        "meta": "@sys.number",
        "alias": "number",
        "userDefined": false
      }
    ],
    "isTemplate": false,
    "count": 0,
    "lang": "ru",
    "updated": 0
  }
]