[
  {
    "value": "\u003e",
    "synonyms": [
      "\u003e",
      "следующая",
      "следующий",
      "следующий трек"
    ]
  },
  {
    "value": "\u003c",
    "synonyms": [
      "\u003c",
      "предыдущий",
      "предыдущая",
      "предыдущий трек",
      "предыдущая песня"
    ]
  },
  {
    "value": "||+",
    "synonyms": [
      "||+",
      "стоп",
      "останови"
    ]
  },
  {
    "value": "||-",
    "synonyms": [
      "||-",
      "продолжи",
      "плей",
      "play",
      "включи"
    ]
  },
  {
    "value": "||",
    "synonyms": [
      "||",
      "пауза",
      "паузы",
      "паузу"
    ]
  },
  {
    "value": "/+",
    "synonyms": [
      "выключи",
      "на нуль",
      "на ноль",
      "заглуши"
    ]
  },
  {
    "value": "/-",
    "synonyms": [
      "/-",
      "верни звук"
    ]
  },
  {
    "value": "/",
    "synonyms": [
      "/",
      "без звука",
      "режим без звука",
      "беззвучный режим"
    ]
  },
  {
    "value": "?",
    "synonyms": [
      "?",
      "какая песня",
      "что играет",
      "что за песня",
      "что сейчас играет",
      "сейчас играет"
    ]
  }
]