[
  {
    "value": "Батарейка",
    "synonyms": [
      "Батарейка"
    ]
  },
  {
    "value": "Поезда",
    "synonyms": [
      "Поезда"
    ]
  },
  {
    "value": "ONE OF ME",
    "synonyms": [
      "ONE OF ME"
    ]
  },
  {
    "value": "Последний поцелуй",
    "synonyms": [
      "Последний поцелуй"
    ]
  },
  {
    "value": "Быстравуха",
    "synonyms": [
      "Быстравуха"
    ]
  },
  {
    "value": "Градус 100",
    "synonyms": [
      "Градус 100"
    ]
  },
  {
    "value": "On Top Of The World",
    "synonyms": [
      "On Top Of The World"
    ]
  },
  {
    "value": "this isn\u0027t happiness",
    "synonyms": [
      "this isn\u0027t happiness"
    ]
  },
  {
    "value": "Still Breathing (Sped Up)",
    "synonyms": [
      "Still Breathing Sped Up"
    ]
  },
  {
    "value": "SHOGUN",
    "synonyms": [
      "SHOGUN"
    ]
  },
  {
    "value": "Necronomika",
    "synonyms": [
      "Necronomika"
    ]
  },
  {
    "value": "Roar",
    "synonyms": [
      "Roar"
    ]
  },
  {
    "value": "NOSTALGIA",
    "synonyms": [
      "NOSTALGIA"
    ]
  },
  {
    "value": "много",
    "synonyms": [
      "много"
    ]
  },
  {
    "value": "Autumn Wind",
    "synonyms": [
      "Autumn Wind"
    ]
  },
  {
    "value": "Sorry",
    "synonyms": [
      "Sorry"
    ]
  },
  {
    "value": "Am I Wrong",
    "synonyms": [
      "Am I Wrong"
    ]
  },
  {
    "value": "Love Me Again",
    "synonyms": [
      "Love Me Again"
    ]
  },
  {
    "value": "gachi juice",
    "synonyms": [
      "gachi juice"
    ]
  },
  {
    "value": "фастфлоу",
    "synonyms": [
      "фастфлоу"
    ]
  },
  {
    "value": "We\u0027re Invincible",
    "synonyms": [
      "We are Invincible"
    ]
  },
  {
    "value": "Frenchies",
    "synonyms": [
      "Frenchies"
    ]
  },
  {
    "value": "Звездный дождь",
    "synonyms": [
      "Звездный дождь"
    ]
  },
  {
    "value": "willow",
    "synonyms": [
      "willow"
    ]
  },
  {
    "value": "SO TIRED",
    "synonyms": [
      "SO TIRED"
    ]
  },
  {
    "value": "Анимешница",
    "synonyms": [
      "Анимешница"
    ]
  },
  {
    "value": "Fireflies (Sped Up)",
    "synonyms": [
      "Fireflies (Sped Up)"
    ]
  },
  {
    "value": "Don\u0027t Tell Me",
    "synonyms": [
      "Don\u0027t Tell Me"
    ]
  },
  {
    "value": "The Usual",
    "synonyms": [
      "The Usual"
    ]
  },
  {
    "value": "женская дружба",
    "synonyms": [
      "женская дружба"
    ]
  },
  {
    "value": "ТОЛЕРАНТНОСТЬ",
    "synonyms": [
      "ТОЛЕРАНТНОСТЬ"
    ]
  },
  {
    "value": "Временно",
    "synonyms": [
      "Временно"
    ]
  },
  {
    "value": "Никаких проблем",
    "synonyms": [
      "Никаких проблем"
    ]
  },
  {
    "value": "Именно та",
    "synonyms": [
      "Именно та"
    ]
  },
  {
    "value": "Soundtrack Theme #1",
    "synonyms": [
      "Soundtrack Theme #1"
    ]
  },
  {
    "value": "Татухи",
    "synonyms": [
      "Татухи"
    ]
  },
  {
    "value": "Милфхантер",
    "synonyms": [
      "Милфхантер"
    ]
  },
  {
    "value": "Отпечатки",
    "synonyms": [
      "Отпечатки"
    ]
  },
  {
    "value": "БЫТЬ ЛУЧШЕ",
    "synonyms": [
      "БЫТЬ ЛУЧШЕ"
    ]
  },
  {
    "value": "Деревья",
    "synonyms": [
      "Деревья"
    ]
  },
  {
    "value": "Не меняй",
    "synonyms": [
      "Не меняй"
    ]
  },
  {
    "value": "На заре",
    "synonyms": [
      "На заре"
    ]
  },
  {
    "value": "UwU",
    "synonyms": [
      "UwU"
    ]
  },
  {
    "value": "Крыши",
    "synonyms": [
      "Крыши"
    ]
  },
  {
    "value": "Tonic Water",
    "synonyms": [
      "Tonic Water"
    ]
  },
  {
    "value": "ДНК (feat. Артем Качер)",
    "synonyms": [
      "ДНК feat Артем Качер"
    ]
  },
  {
    "value": "замигает свет (speed up)",
    "synonyms": [
      "замигает свет speed up"
    ]
  },
  {
    "value": "Снеговик",
    "synonyms": [
      "Снеговик"
    ]
  },
  {
    "value": "Я могу",
    "synonyms": [
      "Я могу"
    ]
  },
  {
    "value": "Огни",
    "synonyms": [
      "Огни"
    ]
  },
  {
    "value": "Есть повод",
    "synonyms": [
      "Есть повод"
    ]
  },
  {
    "value": "где-то там",
    "synonyms": [
      "где-то там"
    ]
  },
  {
    "value": "Головняк",
    "synonyms": [
      "Головняк"
    ]
  },
  {
    "value": "Много проблем",
    "synonyms": [
      "Много проблем"
    ]
  },
  {
    "value": "Blank Space",
    "synonyms": [
      "Blank Space"
    ]
  },
  {
    "value": "Лайк шопинг модный лук",
    "synonyms": [
      "Лайк шопинг модный лук"
    ]
  },
  {
    "value": "Стример Андрей (без проигрыша)",
    "synonyms": [
      "Стример Андрей без проигрыша"
    ]
  },
  {
    "value": "трахаюсь",
    "synonyms": [
      "трахаюсь"
    ]
  },
  {
    "value": "Ол инклюзив",
    "synonyms": [
      "Ол инклюзив"
    ]
  },
  {
    "value": "Ну здравствуй",
    "synonyms": [
      "Ну здравствуй"
    ]
  },
  {
    "value": "19",
    "synonyms": [
      "девятнадцать",
      "19"
    ]
  },
  {
    "value": "audio api unavailable",
    "synonyms": [
      "audio api unavailable"
    ]
  },
  {
    "value": "Hey Hey Hey",
    "synonyms": [
      "Hey Hey Hey"
    ]
  },
  {
    "value": "Последняя сигарета лета",
    "synonyms": [
      "Последняя сигарета лета"
    ]
  },
  {
    "value": "Дотла",
    "synonyms": [
      "Дотла"
    ]
  },
  {
    "value": "Милая девочка",
    "synonyms": [
      "Милая девочка"
    ]
  },
  {
    "value": "Лифтами",
    "synonyms": [
      "Лифтами"
    ]
  },
  {
    "value": "СЭЙМ",
    "synonyms": [
      "СЭЙМ"
    ]
  },
  {
    "value": "Habbits (Stay High)",
    "synonyms": [
      "Habbits Stay High"
    ]
  },
  {
    "value": "Дин дон",
    "synonyms": [
      "Дин дон"
    ]
  },
  {
    "value": "Август",
    "synonyms": [
      "Август"
    ]
  },
  {
    "value": "Underground",
    "synonyms": [
      "Underground"
    ]
  },
  {
    "value": "Проснись",
    "synonyms": [
      "Проснись"
    ]
  },
  {
    "value": "Химия (OST Мир!Дружба!Жвачка!)",
    "synonyms": [
      "Химия OST Мир Дружба Жвачка"
    ]
  },
  {
    "value": "Inside Nora",
    "synonyms": [
      "Inside Nora"
    ]
  },
  {
    "value": "Astral Alley",
    "synonyms": [
      "Astral Alley"
    ]
  },
  {
    "value": "Ковбой",
    "synonyms": [
      "Ковбой"
    ]
  },
  {
    "value": "Ghost",
    "synonyms": [
      "Ghost"
    ]
  },
  {
    "value": "Рэйман",
    "synonyms": [
      "Рэйман"
    ]
  },
  {
    "value": "ПО-НАСТОЯЩЕМУ",
    "synonyms": [
      "ПО-НАСТОЯЩЕМУ"
    ]
  },
  {
    "value": "Apollo",
    "synonyms": [
      "Apollo"
    ]
  },
  {
    "value": "Ending Soundtrack",
    "synonyms": [
      "Ending Soundtrack"
    ]
  },
  {
    "value": "Мы",
    "synonyms": [
      "Мы"
    ]
  },
  {
    "value": "впереди",
    "synonyms": [
      "впереди"
    ]
  },
  {
    "value": "Девятый этаж",
    "synonyms": [
      "Девятый этаж"
    ]
  },
  {
    "value": "My Name",
    "synonyms": [
      "My Name"
    ]
  },
  {
    "value": "One Last Time",
    "synonyms": [
      "One Last Time"
    ]
  },
  {
    "value": "Слишком",
    "synonyms": [
      "Слишком"
    ]
  },
  {
    "value": "slow summer",
    "synonyms": [
      "slow summer"
    ]
  },
  {
    "value": "Я свободен (Бумер)",
    "synonyms": [
      "Я свободен Бумер"
    ]
  },
  {
    "value": "Когда я один",
    "synonyms": [
      "Когда я один"
    ]
  },
  {
    "value": "Сердце",
    "synonyms": [
      "Сердце"
    ]
  },
  {
    "value": "Виноваты звезды",
    "synonyms": [
      "Виноваты звезды"
    ]
  },
  {
    "value": "МНЕ УЖЕ ВСЁ РАВНО",
    "synonyms": [
      "МНЕ УЖЕ ВСЁ РАВНО"
    ]
  },
  {
    "value": "Can We Kiss Forever?",
    "synonyms": [
      "Can We Kiss Forever"
    ]
  },
  {
    "value": "Питерские крыши",
    "synonyms": [
      "Питерские крыши"
    ]
  },
  {
    "value": "В прихожей",
    "synonyms": [
      "В прихожей"
    ]
  },
  {
    "value": "Час-пик",
    "synonyms": [
      "Час пик"
    ]
  },
  {
    "value": "Возвращайся домой",
    "synonyms": [
      "Возвращайся домой"
    ]
  },
  {
    "value": "Мои демоны",
    "synonyms": [
      "Мои демоны"
    ]
  },
  {
    "value": "Those Eyes",
    "synonyms": [
      "Those Eyes"
    ]
  },
  {
    "value": "Renegades",
    "synonyms": [
      "Renegades"
    ]
  },
  {
    "value": "Демоны",
    "synonyms": [
      "Демоны"
    ]
  },
  {
    "value": "Плотный дым",
    "synonyms": [
      "Плотный дым"
    ]
  },
  {
    "value": "Грабли",
    "synonyms": [
      "Грабли"
    ]
  },
  {
    "value": "ВАЛИ",
    "synonyms": [
      "ВАЛИ"
    ]
  },
  {
    "value": "Розовый синий",
    "synonyms": [
      "Розовый синий"
    ]
  },
  {
    "value": "УЛЕТАЙ",
    "synonyms": [
      "УЛЕТАЙ"
    ]
  },
  {
    "value": "Краш-Тест",
    "synonyms": [
      "Краш Тест"
    ]
  },
  {
    "value": "шесть утра",
    "synonyms": [
      "шесть утра"
    ]
  },
  {
    "value": "Ночь с тобой",
    "synonyms": [
      "Ночь с тобой"
    ]
  },
  {
    "value": "By My Side",
    "synonyms": [
      "By My Side"
    ]
  },
  {
    "value": "От Марса до Сатурна",
    "synonyms": [
      "От Марса до Сатурна"
    ]
  },
  {
    "value": "Ты не считаешь",
    "synonyms": [
      "Ты не считаешь"
    ]
  },
  {
    "value": "Останемся здесь",
    "synonyms": [
      "Останемся здесь"
    ]
  },
  {
    "value": "Пост-пост",
    "synonyms": [
      "Пост-пост"
    ]
  },
  {
    "value": "Ангелина",
    "synonyms": [
      "Ангелина"
    ]
  },
  {
    "value": "билеты",
    "synonyms": [
      "билеты"
    ]
  },
  {
    "value": "Be My Queen",
    "synonyms": [
      "Be My Queen"
    ]
  },
  {
    "value": "Мяу мяу мяу",
    "synonyms": [
      "Мяу мяу мяу"
    ]
  },
  {
    "value": "Яркий сон",
    "synonyms": [
      "Яркий сон"
    ]
  },
  {
    "value": "Кроме твоего лица",
    "synonyms": [
      "Кроме твоего лица"
    ]
  },
  {
    "value": "Певец и актриса",
    "synonyms": [
      "Певец и актриса"
    ]
  },
  {
    "value": "MERRY CHRI$TMA$",
    "synonyms": [
      "MERRY CHRISTMAS"
    ]
  },
  {
    "value": "Фонари",
    "synonyms": [
      "Фонари"
    ]
  },
  {
    "value": "МОЙ КАЛАШНИКОВ",
    "synonyms": [
      "МОЙ КАЛАШНИКОВ"
    ]
  },
  {
    "value": "03",
    "synonyms": [
      "03"
    ]
  },
  {
    "value": "Дожди-пистолеты (Live)",
    "synonyms": [
      "Дожди-пистолеты"
    ]
  },
  {
    "value": "Ругань из-за стены",
    "synonyms": [
      "Ругань из-за стены"
    ]
  },
  {
    "value": "Are you happy?",
    "synonyms": [
      "Are you happy"
    ]
  },
  {
    "value": "horror story",
    "synonyms": [
      "horror story"
    ]
  },
  {
    "value": "Сумасшедший дурак",
    "synonyms": [
      "Сумасшедший дурак"
    ]
  },
  {
    "value": "Этажи",
    "synonyms": [
      "Этажи"
    ]
  },
  {
    "value": "Flare",
    "synonyms": [
      "Flare"
    ]
  },
  {
    "value": "I CAN BE TRUE",
    "synonyms": [
      "I CAN BE TRUE"
    ]
  },
  {
    "value": "Die For The Hype",
    "synonyms": [
      "Die For The Hype"
    ]
  },
  {
    "value": "Brother Louie",
    "synonyms": [
      "Brother Louie"
    ]
  },
  {
    "value": "The Age of Wonderbeasts",
    "synonyms": [
      "The Age of Wonderbeasts"
    ]
  },
  {
    "value": "Hollow Tune",
    "synonyms": [
      "Hollow Tune"
    ]
  },
  {
    "value": "I Never Liked Your Friends",
    "synonyms": [
      "I Never Liked Your Friends"
    ]
  },
  {
    "value": "Вансы",
    "synonyms": [
      "Вансы"
    ]
  },
  {
    "value": "потрачено",
    "synonyms": [
      "потрачено"
    ]
  },
  {
    "value": "Ревность",
    "synonyms": [
      "Ревность"
    ]
  },
  {
    "value": "Самый чистый кайф",
    "synonyms": [
      "Самый чистый кайф"
    ]
  },
  {
    "value": "твоя апрельская ложь",
    "synonyms": [
      "твоя апрельская ложь"
    ]
  },
  {
    "value": "Ливни",
    "synonyms": [
      "Ливни"
    ]
  },
  {
    "value": "свали",
    "synonyms": [
      "свали"
    ]
  },
  {
    "value": "Снежинка",
    "synonyms": [
      "Снежинка"
    ]
  },
  {
    "value": "человеку нужен человек",
    "synonyms": [
      "человеку нужен человек"
    ]
  },
  {
    "value": "I\u0027m Gonna Show You Crazy",
    "synonyms": [
      "I\u0027m Gonna Show You Crazy"
    ]
  },
  {
    "value": "Крышу сносит",
    "synonyms": [
      "Крышу сносит"
    ]
  },
  {
    "value": "Dead Speaker",
    "synonyms": [
      "Dead Speaker"
    ]
  },
  {
    "value": "snowfall",
    "synonyms": [
      "snowfall"
    ]
  },
  {
    "value": "vertigo",
    "synonyms": [
      "vertigo"
    ]
  },
  {
    "value": "SimpsonWave1995",
    "synonyms": [
      "Simpson Wave 1995"
    ]
  },
  {
    "value": "дура",
    "synonyms": [
      "дура"
    ]
  },
  {
    "value": "Afraid of the Dark",
    "synonyms": [
      "Afraid of the Dark"
    ]
  },
  {
    "value": "для тебя",
    "synonyms": [
      "для тебя"
    ]
  },
  {
    "value": "Чучело",
    "synonyms": [
      "Чучело"
    ]
  },
  {
    "value": "Call Me",
    "synonyms": [
      "Call Me"
    ]
  },
  {
    "value": "я сохраню",
    "synonyms": [
      "я сохраню"
    ]
  },
  {
    "value": "internet l0ve nightcore",
    "synonyms": [
      "internet l0ve nightcore"
    ]
  },
  {
    "value": "Life Goes On",
    "synonyms": [
      "Life Goes On"
    ]
  },
  {
    "value": "Куда-нибудь",
    "synonyms": [
      "Куда-нибудь"
    ]
  },
  {
    "value": "Dreamcore",
    "synonyms": [
      "Dreamcore"
    ]
  },
  {
    "value": "Думаю о нас",
    "synonyms": [
      "Думаю о нас"
    ]
  },
  {
    "value": "Беспорядок",
    "synonyms": [
      "Беспорядок"
    ]
  },
  {
    "value": "Твоё имя",
    "synonyms": [
      "Твоё имя"
    ]
  },
  {
    "value": "Tag, You\u0027re It",
    "synonyms": [
      "Tag, You\u0027re It"
    ]
  },
  {
    "value": "SO DONE",
    "synonyms": [
      "SO DONE"
    ]
  },
  {
    "value": "обниму тебя",
    "synonyms": [
      "обниму тебя"
    ]
  },
  {
    "value": "DON\u0027T PLAY, BAE",
    "synonyms": [
      "DON\u0027T PLAY BAE"
    ]
  },
  {
    "value": "Моя слабость",
    "synonyms": [
      "Моя слабость"
    ]
  },
  {
    "value": "Лаэла",
    "synonyms": [
      "Лаэла"
    ]
  },
  {
    "value": "little dark age",
    "synonyms": [
      "little dark age"
    ]
  },
  {
    "value": "Без названия",
    "synonyms": [
      "Без названия"
    ]
  },
  {
    "value": "WOW",
    "synonyms": [
      "WOW"
    ]
  },
  {
    "value": "uf-af",
    "synonyms": [
      "uf af"
    ]
  },
  {
    "value": "Life\u0027s A Mess",
    "synonyms": [
      "Life\u0027s A Mess"
    ]
  },
  {
    "value": "Улитка",
    "synonyms": [
      "Улитка"
    ]
  },
  {
    "value": "emotions",
    "synonyms": [
      "emotions"
    ]
  },
  {
    "value": "Nice To Meet Ya",
    "synonyms": [
      "Nice To Meet Ya"
    ]
  },
  {
    "value": "мне очень жаль что",
    "synonyms": [
      "мне очень жаль что"
    ]
  },
  {
    "value": "YESSIR!",
    "synonyms": [
      "YESSIR"
    ]
  },
  {
    "value": "Small Doses",
    "synonyms": [
      "Small Doses"
    ]
  },
  {
    "value": "pretty poison",
    "synonyms": [
      "pretty poison"
    ]
  },
  {
    "value": "Смотреть кино",
    "synonyms": [
      "Смотреть кино"
    ]
  },
  {
    "value": "Свадьба",
    "synonyms": [
      "Свадьба"
    ]
  },
  {
    "value": "if u love me",
    "synonyms": [
      "if u love me"
    ]
  },
  {
    "value": "Sick and Tired (ft. Machine Gun Kelly and Travis Barker)",
    "synonyms": [
      "Sick and Tired feat Machine Gun Kelly and Travis Barker"
    ]
  },
  {
    "value": "Вернуться домой",
    "synonyms": [
      "Вернуться домой"
    ]
  },
  {
    "value": "Come A Litle Closer",
    "synonyms": [
      "Come A Litle Closer"
    ]
  },
  {
    "value": "Небо",
    "synonyms": [
      "Небо"
    ]
  },
  {
    "value": "You Can\u0027t Stop The Girl (From Disney\u0027s \"Maleficent: Mistress of Evil\")",
    "synonyms": [
      "You Can\u0027t Stop The Girl From Disneys"
    ]
  },
  {
    "value": "8 Letters",
    "synonyms": [
      "8 Letters"
    ]
  },
  {
    "value": "Между нами",
    "synonyms": [
      "Между нами"
    ]
  },
  {
    "value": "Wicked Game",
    "synonyms": [
      "Wicked Game"
    ]
  },
  {
    "value": "Лайвбой",
    "synonyms": [
      "Лайвбой"
    ]
  },
  {
    "value": "New",
    "synonyms": [
      "New"
    ]
  },
  {
    "value": "Выдыхаю боль",
    "synonyms": [
      "Выдыхаю боль"
    ]
  },
  {
    "value": "Touch",
    "synonyms": [
      "Touch"
    ]
  },
  {
    "value": "Kiss My (Uh Oh)",
    "synonyms": [
      "Kiss My Uh Oh"
    ]
  },
  {
    "value": "What If (I Told You I Like You)",
    "synonyms": [
      "What If I Told You I Like You"
    ]
  },
  {
    "value": "Lights",
    "synonyms": [
      "Lights"
    ]
  },
  {
    "value": "Boom Clap",
    "synonyms": [
      "Boom Clap"
    ]
  },
  {
    "value": "Blow Your Mind (Mwah)",
    "synonyms": [
      "Blow Your Mind"
    ]
  },
  {
    "value": "100",
    "synonyms": [
      "100"
    ]
  },
  {
    "value": "Animation - Баба-Динозавр",
    "synonyms": [
      "Баба Динозавр"
    ]
  },
  {
    "value": "Будильник",
    "synonyms": [
      "Будильник"
    ]
  },
  {
    "value": "Керосином",
    "synonyms": [
      "Керосином"
    ]
  },
  {
    "value": "недостойна",
    "synonyms": [
      "недостойна"
    ]
  },
  {
    "value": "Я Хочу Тебя Забыть",
    "synonyms": [
      "Я Хочу Тебя Забыть"
    ]
  },
  {
    "value": "Палата номер 2",
    "synonyms": [
      "Палата номер 2"
    ]
  },
  {
    "value": "In My Mind",
    "synonyms": [
      "In My Mind"
    ]
  },
  {
    "value": "Try",
    "synonyms": [
      "Try"
    ]
  },
  {
    "value": "Right Now",
    "synonyms": [
      "Right Now"
    ]
  },
  {
    "value": "Tick Tock (feat. 24kGoldn)",
    "synonyms": [
      "Tick Tock feat 24k Goldn"
    ]
  },
  {
    "value": "Oceania",
    "synonyms": [
      "Oceania"
    ]
  },
  {
    "value": "Хочу к тебе",
    "synonyms": [
      "Хочу к тебе"
    ]
  },
  {
    "value": "dying on the inside",
    "synonyms": [
      "dying on the inside"
    ]
  },
  {
    "value": "Дай свою любовь",
    "synonyms": [
      "Дай свою любовь"
    ]
  },
  {
    "value": "Моя Любовь",
    "synonyms": [
      "Моя Любовь"
    ]
  },
  {
    "value": "Пассажиры",
    "synonyms": [
      "Пассажиры"
    ]
  },
  {
    "value": "Минута вечера",
    "synonyms": [
      "Минута вечера"
    ]
  },
  {
    "value": "Море",
    "synonyms": [
      "Море"
    ]
  },
  {
    "value": "Чё я загоняюсь?",
    "synonyms": [
      "Чё я загоняюсь?"
    ]
  },
  {
    "value": "Холодный дождь",
    "synonyms": [
      "Холодный дождь"
    ]
  },
  {
    "value": "Rise",
    "synonyms": [
      "Rise"
    ]
  },
  {
    "value": "Замигает свет",
    "synonyms": [
      "Замигает свет"
    ]
  },
  {
    "value": "Elastic Heart",
    "synonyms": [
      "Elastic Heart"
    ]
  },
  {
    "value": "Don\u0027t Wanna Know",
    "synonyms": [
      "Don\u0027t Wanna Know"
    ]
  },
  {
    "value": "Fuego",
    "synonyms": [
      "Fuego"
    ]
  },
  {
    "value": "Don\u0027t Leave Me (ARNXT021)",
    "synonyms": [
      "Don\u0027t Leave Me"
    ]
  },
  {
    "value": "Speechless (feat. Erika Sirola)",
    "synonyms": [
      "Speechless feat Erika Sirola"
    ]
  },
  {
    "value": "Live It Up",
    "synonyms": [
      "Live It Up"
    ]
  },
  {
    "value": "Bambola",
    "synonyms": [
      "Bambola"
    ]
  },
  {
    "value": "Ciao Adios",
    "synonyms": [
      "Ciao Adios"
    ]
  },
  {
    "value": "Wolves",
    "synonyms": [
      "Wolves"
    ]
  },
  {
    "value": "Come \u0026 Get It",
    "synonyms": [
      "Come \u0026 Get It"
    ]
  },
  {
    "value": "Lush Life",
    "synonyms": [
      "Lush Life"
    ]
  },
  {
    "value": "Light It Up (feat. Nyla \u0026 Fuse ODG)",
    "synonyms": [
      "Light It Up feat Nyla",
      "Light It Up feat Fuse ODG",
      "Light It Up feat Nyla \u0026 Fuse ODG"
    ]
  },
  {
    "value": "это ли счастье?",
    "synonyms": [
      "это ли счастье"
    ]
  },
  {
    "value": "Придумала",
    "synonyms": [
      "Придумала"
    ]
  },
  {
    "value": "Бумажный кораблик",
    "synonyms": [
      "Бумажный кораблик"
    ]
  },
  {
    "value": "ТАЙМАУТ",
    "synonyms": [
      "ТАЙМАУТ"
    ]
  },
  {
    "value": "Танцуй",
    "synonyms": [
      "Танцуй"
    ]
  },
  {
    "value": "Шмотки",
    "synonyms": [
      "Шмотки"
    ]
  },
  {
    "value": "Mr. Forgettable",
    "synonyms": [
      "Mr Forgettable"
    ]
  },
  {
    "value": "Сознание (Скит)",
    "synonyms": [
      "Сознание Скит"
    ]
  },
  {
    "value": "Pacify Her",
    "synonyms": [
      "Pacify Her"
    ]
  },
  {
    "value": "Lil Peep",
    "synonyms": [
      "Lil Peep"
    ]
  },
  {
    "value": "Мрак",
    "synonyms": [
      "Мрак"
    ]
  },
  {
    "value": "Донткея",
    "synonyms": [
      "Донткея"
    ]
  },
  {
    "value": "Раньше",
    "synonyms": [
      "Раньше"
    ]
  },
  {
    "value": "О тебе",
    "synonyms": [
      "О тебе"
    ]
  },
  {
    "value": "Ромашки",
    "synonyms": [
      "Ромашки"
    ]
  },
  {
    "value": "jealousy, jealousy",
    "synonyms": [
      "jealousy, jealousy"
    ]
  },
  {
    "value": "Counting Stars",
    "synonyms": [
      "Counting Stars"
    ]
  },
  {
    "value": "Усталость от безделья",
    "synonyms": [
      "Усталость от безделья"
    ]
  },
  {
    "value": "грустно",
    "synonyms": [
      "грустно"
    ]
  },
  {
    "value": "Проблема",
    "synonyms": [
      "Проблема"
    ]
  },
  {
    "value": "Контракт",
    "synonyms": [
      "Контракт"
    ]
  },
  {
    "value": "Закрытый профиль",
    "synonyms": [
      "Закрытый профиль"
    ]
  },
  {
    "value": "Пятница",
    "synonyms": [
      "Пятница"
    ]
  },
  {
    "value": "Быть взрослой",
    "synonyms": [
      "Быть взрослой"
    ]
  },
  {
    "value": "Я собираюсь тебя трахнуть",
    "synonyms": [
      "Я собираюсь тебя трахнуть"
    ]
  },
  {
    "value": "Аквариум",
    "synonyms": [
      "Аквариум"
    ]
  },
  {
    "value": "Погналинахуй!",
    "synonyms": [
      "Погналинахуй!"
    ]
  },
  {
    "value": "останови меня",
    "synonyms": [
      "останови меня"
    ]
  },
  {
    "value": "НУЖЕН",
    "synonyms": [
      "НУЖЕН"
    ]
  },
  {
    "value": "Я видел сон",
    "synonyms": [
      "Я видел сон"
    ]
  },
  {
    "value": "Серега Пират - Апельсин",
    "synonyms": [
      "Серега Пират - Апельсин"
    ]
  },
  {
    "value": "Последняя песня",
    "synonyms": [
      "Последняя песня"
    ]
  },
  {
    "value": "Клеопатри",
    "synonyms": [
      "Клеопатри"
    ]
  },
  {
    "value": "Снежная",
    "synonyms": [
      "Снежная"
    ]
  },
  {
    "value": "Апельсин",
    "synonyms": [
      "Апельсин"
    ]
  },
  {
    "value": "let you",
    "synonyms": [
      "let you"
    ]
  },
  {
    "value": "Любимая песня твоей сестры",
    "synonyms": [
      "Любимая песня твоей сестры"
    ]
  },
  {
    "value": "Ты не очень",
    "synonyms": [
      "Ты не очень"
    ]
  },
  {
    "value": "Солнце",
    "synonyms": [
      "Солнце"
    ]
  },
  {
    "value": "Супермаркет",
    "synonyms": [
      "Супермаркет"
    ]
  },
  {
    "value": "нечего сказать",
    "synonyms": [
      "нечего сказать"
    ]
  },
  {
    "value": "Строишь глазки",
    "synonyms": [
      "Строишь глазки"
    ]
  },
  {
    "value": "СНЕГОМ (НОВОГОДНЯЯ)",
    "synonyms": [
      "СНЕГОМ (НОВОГОДНЯЯ)"
    ]
  },
  {
    "value": "остановилось",
    "synonyms": [
      "остановилось"
    ]
  },
  {
    "value": "очередной дурак",
    "synonyms": [
      "очередной дурак"
    ]
  },
  {
    "value": "Не согреться",
    "synonyms": [
      "Не согреться"
    ]
  },
  {
    "value": "Непохожими",
    "synonyms": [
      "Непохожими"
    ]
  },
  {
    "value": "Юная роза",
    "synonyms": [
      "Юная роза"
    ]
  },
  {
    "value": "Голос",
    "synonyms": [
      "Голос"
    ]
  },
  {
    "value": "Мари",
    "synonyms": [
      "Мари"
    ]
  },
  {
    "value": "Толстовка",
    "synonyms": [
      "Толстовка"
    ]
  },
  {
    "value": "Градусы",
    "synonyms": [
      "Градусы"
    ]
  },
  {
    "value": "Сиреневое небо",
    "synonyms": [
      "Сиреневое небо"
    ]
  },
  {
    "value": "Зеркало",
    "synonyms": [
      "Зеркало"
    ]
  },
  {
    "value": "Ладонь",
    "synonyms": [
      "Ладонь"
    ]
  },
  {
    "value": "Не без тараканов",
    "synonyms": [
      "Не без тараканов"
    ]
  },
  {
    "value": "Неважно",
    "synonyms": [
      "Неважно"
    ]
  },
  {
    "value": "когда ты уедешь",
    "synonyms": [
      "когда ты уедешь"
    ]
  },
  {
    "value": "Leave Out All The Rest",
    "synonyms": [
      "Leave Out All The Rest"
    ]
  },
  {
    "value": "Натюрморт",
    "synonyms": [
      "Натюрморт"
    ]
  },
  {
    "value": "Не бойтесь",
    "synonyms": [
      "Не бойтесь"
    ]
  },
  {
    "value": "Лирика",
    "synonyms": [
      "Лирика"
    ]
  },
  {
    "value": "пару монет",
    "synonyms": [
      "пару монет"
    ]
  },
  {
    "value": "Похоть",
    "synonyms": [
      "Похоть"
    ]
  },
  {
    "value": "Молчит телефон",
    "synonyms": [
      "Молчит телефон"
    ]
  },
  {
    "value": "Счастье в банке",
    "synonyms": [
      "Счастье в банке"
    ]
  },
  {
    "value": "Слёзы",
    "synonyms": [
      "Слёзы"
    ]
  },
  {
    "value": "Честно честно",
    "synonyms": [
      "Честно честно"
    ]
  },
  {
    "value": "Ой, влюбилась, мама",
    "synonyms": [
      "Ой влюбилась мама"
    ]
  },
  {
    "value": "Токсины",
    "synonyms": [
      "Токсины"
    ]
  },
  {
    "value": "Любит тишину",
    "synonyms": [
      "Любит тишину"
    ]
  },
  {
    "value": "не звезда",
    "synonyms": [
      "не звезда"
    ]
  },
  {
    "value": "Make My Love Go",
    "synonyms": [
      "Make My Love Go"
    ]
  },
  {
    "value": "иногда",
    "synonyms": [
      "иногда"
    ]
  },
  {
    "value": "В старой папиной машине",
    "synonyms": [
      "В старой папиной машине"
    ]
  },
  {
    "value": "Прогулка",
    "synonyms": [
      "Прогулка"
    ]
  },
  {
    "value": "залезь",
    "synonyms": [
      "залезь"
    ]
  },
  {
    "value": "Если бы",
    "synonyms": [
      "Если бы"
    ]
  },
  {
    "value": "7",
    "synonyms": [
      "7"
    ]
  },
  {
    "value": "Не убегай",
    "synonyms": [
      "Не убегай"
    ]
  },
  {
    "value": "Близкие люди",
    "synonyms": [
      "Близкие люди"
    ]
  },
  {
    "value": "Не поцеловать",
    "synonyms": [
      "Не поцеловать"
    ]
  },
  {
    "value": "Цветы",
    "synonyms": [
      "Цветы"
    ]
  },
  {
    "value": "дурак",
    "synonyms": [
      "дурак"
    ]
  },
  {
    "value": "Всю жизнь",
    "synonyms": [
      "Всю жизнь"
    ]
  },
  {
    "value": "Бегу за тобой",
    "synonyms": [
      "Бегу за тобой"
    ]
  },
  {
    "value": "Inthamoonlite",
    "synonyms": [
      "Inthamoonlite"
    ]
  },
  {
    "value": "Забери меня домой",
    "synonyms": [
      "Забери меня домой"
    ]
  },
  {
    "value": "Good Girl",
    "synonyms": [
      "Good Girl"
    ]
  },
  {
    "value": "Сгорел",
    "synonyms": [
      "Сгорел"
    ]
  },
  {
    "value": "Я устал",
    "synonyms": [
      "Я устал"
    ]
  },
  {
    "value": "забывать",
    "synonyms": [
      "забывать"
    ]
  },
  {
    "value": "В другой раз",
    "synonyms": [
      "В другой раз"
    ]
  },
  {
    "value": "Л.П.Д",
    "synonyms": [
      "Л П Д"
    ]
  },
  {
    "value": "Друг",
    "synonyms": [
      "Друг"
    ]
  },
  {
    "value": "Почему не замечаешь",
    "synonyms": [
      "Почему не замечаешь"
    ]
  },
  {
    "value": "Bye-Bye",
    "synonyms": [
      "Bye-Bye"
    ]
  },
  {
    "value": "Девочка в зеркале",
    "synonyms": [
      "Девочка в зеркале"
    ]
  },
  {
    "value": "пишу сам себе в личку",
    "synonyms": [
      "пишу сам себе в личку"
    ]
  },
  {
    "value": "ТАНЦПОЛ",
    "synonyms": [
      "ТАНЦПОЛ"
    ]
  },
  {
    "value": "Дым под окном",
    "synonyms": [
      "Дым под окном"
    ]
  },
  {
    "value": "Не ной, пацан",
    "synonyms": [
      "Не ной, пацан"
    ]
  },
  {
    "value": "Некому",
    "synonyms": [
      "Некому"
    ]
  },
  {
    "value": "Титры",
    "synonyms": [
      "Титры"
    ]
  },
  {
    "value": "Я собираюсь в путь",
    "synonyms": [
      "Я собираюсь в путь"
    ]
  },
  {
    "value": "холода",
    "synonyms": [
      "холода"
    ]
  },
  {
    "value": "ОВЕРСАЙЗ",
    "synonyms": [
      "ОВЕРСАЙЗ"
    ]
  },
  {
    "value": "Мне очень жаль",
    "synonyms": [
      "Мне очень жаль"
    ]
  },
  {
    "value": "Пусто",
    "synonyms": [
      "Пусто"
    ]
  },
  {
    "value": "Light-Beam",
    "synonyms": [
      "Light Beam"
    ]
  },
  {
    "value": "Barely Breathing",
    "synonyms": [
      "Barely Breathing"
    ]
  },
  {
    "value": "Фотографирую тебя",
    "synonyms": [
      "Фотографирую тебя"
    ]
  },
  {
    "value": "Дура",
    "synonyms": [
      "Дура"
    ]
  },
  {
    "value": "к утру",
    "synonyms": [
      "к утру"
    ]
  },
  {
    "value": "в моей голове",
    "synonyms": [
      "в моей голове"
    ]
  },
  {
    "value": "Мы договорились с тобою влюбиться",
    "synonyms": [
      "Мы договорились с тобою влюбиться"
    ]
  },
  {
    "value": "Башня",
    "synonyms": [
      "Башня"
    ]
  },
  {
    "value": "Тише",
    "synonyms": [
      "Тише"
    ]
  },
  {
    "value": "Запачканные Венсы",
    "synonyms": [
      "Запачканные Венсы"
    ]
  },
  {
    "value": "WHEN THE DEVIL CRIES",
    "synonyms": [
      "WHEN THE DEVIL CRIES"
    ]
  },
  {
    "value": "Питер",
    "synonyms": [
      "Питер"
    ]
  },
  {
    "value": "когда?",
    "synonyms": [
      "когда?"
    ]
  },
  {
    "value": "Океан",
    "synonyms": [
      "Океан"
    ]
  },
  {
    "value": "Потери",
    "synonyms": [
      "Потери"
    ]
  },
  {
    "value": "Песня последней встречи",
    "synonyms": [
      "Песня последней встречи"
    ]
  },
  {
    "value": "На балконе",
    "synonyms": [
      "На балконе"
    ]
  },
  {
    "value": "дурень",
    "synonyms": [
      "дурень"
    ]
  },
  {
    "value": "Пандора",
    "synonyms": [
      "Пандора"
    ]
  },
  {
    "value": "Лучшие друзья",
    "synonyms": [
      "Лучшие друзья"
    ]
  },
  {
    "value": "Ты и твоя тень",
    "synonyms": [
      "Ты и твоя тень"
    ]
  },
  {
    "value": "Под окном",
    "synonyms": [
      "Под окном"
    ]
  },
  {
    "value": "Кости",
    "synonyms": [
      "Кости"
    ]
  },
  {
    "value": "Звезды",
    "synonyms": [
      "Звезды"
    ]
  },
  {
    "value": "Не смотри (feat. невлада)",
    "synonyms": [
      "Не смотри (feat. невлада)"
    ]
  },
  {
    "value": "ПОСЛЕДНЕЕ ЛЕТО ДЕТСТВА",
    "synonyms": [
      "ПОСЛЕДНЕЕ ЛЕТО ДЕТСТВА"
    ]
  },
  {
    "value": "Стекло",
    "synonyms": [
      "Стекло"
    ]
  },
  {
    "value": "Влюбилась в друга",
    "synonyms": [
      "Влюбилась в друга"
    ]
  },
  {
    "value": "Друг(?)",
    "synonyms": [
      "Друг"
    ]
  },
  {
    "value": "Миллениал",
    "synonyms": [
      "Миллениал"
    ]
  },
  {
    "value": "Холод",
    "synonyms": [
      "Холод"
    ]
  },
  {
    "value": "SLC!",
    "synonyms": [
      "SLC"
    ]
  },
  {
    "value": "Человечность",
    "synonyms": [
      "Человечность"
    ]
  },
  {
    "value": "Ghoul",
    "synonyms": [
      "Ghoul"
    ]
  },
  {
    "value": "Бьёт бит",
    "synonyms": [
      "Бьёт бит"
    ]
  },
  {
    "value": "Пластинка",
    "synonyms": [
      "Пластинка"
    ]
  },
  {
    "value": "Combine",
    "synonyms": [
      "Combine"
    ]
  },
  {
    "value": "Я Лиза",
    "synonyms": [
      "Я Лиза"
    ]
  },
  {
    "value": "PZDC",
    "synonyms": [
      "PZDC"
    ]
  },
  {
    "value": "В этом весь смысл",
    "synonyms": [
      "В этом весь смысл"
    ]
  },
  {
    "value": "героин",
    "synonyms": [
      "героин"
    ]
  },
  {
    "value": "О любви",
    "synonyms": [
      "О любви"
    ]
  },
  {
    "value": "Ночи с тобой",
    "synonyms": [
      "Ночи с тобой"
    ]
  },
  {
    "value": "HighSchool",
    "synonyms": [
      "HighSchool"
    ]
  },
  {
    "value": "Лезвие",
    "synonyms": [
      "Лезвие"
    ]
  },
  {
    "value": "забудь",
    "synonyms": [
      "забудь"
    ]
  },
  {
    "value": "Воспоминания остаются",
    "synonyms": [
      "Воспоминания остаются"
    ]
  },
  {
    "value": "Хватит",
    "synonyms": [
      "Хватит"
    ]
  },
  {
    "value": "Исчезнуть",
    "synonyms": [
      "Исчезнуть"
    ]
  },
  {
    "value": "Rockstar",
    "synonyms": [
      "Rockstar"
    ]
  },
  {
    "value": "Не перебивай",
    "synonyms": [
      "Не перебивай"
    ]
  },
  {
    "value": "Это на века",
    "synonyms": [
      "Это на века"
    ]
  },
  {
    "value": "Нахуя тебе я",
    "synonyms": [
      "Нахуя тебе я"
    ]
  },
  {
    "value": "Мама",
    "synonyms": [
      "Мама"
    ]
  },
  {
    "value": "пустой зал",
    "synonyms": [
      "пустой зал"
    ]
  },
  {
    "value": "достало",
    "synonyms": [
      "достало"
    ]
  },
  {
    "value": "WHO ARE WE?",
    "synonyms": [
      "WHO ARE WE?"
    ]
  },
  {
    "value": "Никогда",
    "synonyms": [
      "Никогда"
    ]
  },
  {
    "value": "Сонный паралич",
    "synonyms": [
      "Сонный паралич"
    ]
  },
  {
    "value": "Если бы тогда я знал",
    "synonyms": [
      "Если бы тогда я знал"
    ]
  },
  {
    "value": "KMS",
    "synonyms": [
      "KMS"
    ]
  },
  {
    "value": "чай на столе",
    "synonyms": [
      "чай на столе"
    ]
  },
  {
    "value": "ты как всегда",
    "synonyms": [
      "ты как всегда"
    ]
  },
  {
    "value": "Не игра",
    "synonyms": [
      "Не игра"
    ]
  },
  {
    "value": "Everything Would Be Fine",
    "synonyms": [
      "Everything Would Be Fine"
    ]
  },
  {
    "value": "Зачем?",
    "synonyms": [
      "Зачем"
    ]
  },
  {
    "value": "Cry",
    "synonyms": [
      "Cry"
    ]
  },
  {
    "value": "Дым",
    "synonyms": [
      "Дым"
    ]
  },
  {
    "value": "Стабильно",
    "synonyms": [
      "Стабильно"
    ]
  },
  {
    "value": "we fell in love in october",
    "synonyms": [
      "we fell in love in october"
    ]
  },
  {
    "value": "Only One : Come Undone",
    "synonyms": [
      "Only One Come Undone"
    ]
  },
  {
    "value": "Fucked Up",
    "synonyms": [
      "Fucked Up"
    ]
  },
  {
    "value": "Кино",
    "synonyms": [
      "Кино"
    ]
  },
  {
    "value": "when the party\u0027s over",
    "synonyms": [
      "when the party\u0027s over"
    ]
  },
  {
    "value": "Найки",
    "synonyms": [
      "Найки"
    ]
  },
  {
    "value": "Не называй меня другом",
    "synonyms": [
      "Не называй меня другом"
    ]
  },
  {
    "value": "Девчонка что не со мной",
    "synonyms": [
      "Девчонка что не со мной"
    ]
  },
  {
    "value": "Самый дорогой человек",
    "synonyms": [
      "Самый дорогой человек"
    ]
  },
  {
    "value": "syko",
    "synonyms": [
      "syko"
    ]
  },
  {
    "value": "Лето",
    "synonyms": [
      "Лето"
    ]
  },
  {
    "value": "Night",
    "synonyms": [
      "Night"
    ]
  },
  {
    "value": "Hot Rod",
    "synonyms": [
      "Hot Rod"
    ]
  },
  {
    "value": "Пешеход",
    "synonyms": [
      "Пешеход"
    ]
  },
  {
    "value": "Нарисованный",
    "synonyms": [
      "Нарисованный"
    ]
  },
  {
    "value": "Doom Crossing: Eternal Horizons",
    "synonyms": [
      "Doom Crossing: Eternal Horizons"
    ]
  },
  {
    "value": "Cheapskate",
    "synonyms": [
      "Cheapskate"
    ]
  },
  {
    "value": "la di die",
    "synonyms": [
      "la di die"
    ]
  },
  {
    "value": "Мама спросит почему",
    "synonyms": [
      "Мама спросит почему"
    ]
  },
  {
    "value": "догорай",
    "synonyms": [
      "догорай"
    ]
  },
  {
    "value": "КАК РАНЬШЕ",
    "synonyms": [
      "КАК РАНЬШЕ"
    ]
  },
  {
    "value": "All Night",
    "synonyms": [
      "All Night"
    ]
  },
  {
    "value": "M3",
    "synonyms": [
      "M3"
    ]
  },
  {
    "value": "плачь, танцуй",
    "synonyms": [
      "плачь, танцуй"
    ]
  },
  {
    "value": "i h8 u",
    "synonyms": [
      "i hate you"
    ]
  },
  {
    "value": "Калифорния",
    "synonyms": [
      "Калифорния"
    ]
  },
  {
    "value": "whereareyou",
    "synonyms": [
      "whereareyou"
    ]
  },
  {
    "value": "Снова один",
    "synonyms": [
      "Снова один"
    ]
  },
  {
    "value": "Выпускной",
    "synonyms": [
      "Выпускной"
    ]
  },
  {
    "value": "На рейвах",
    "synonyms": [
      "На рейвах"
    ]
  },
  {
    "value": "Последний танец",
    "synonyms": [
      "Последний танец"
    ]
  },
  {
    "value": "Hate Me!",
    "synonyms": [
      "Hate Me"
    ]
  },
  {
    "value": "Волны",
    "synonyms": [
      "Волны"
    ]
  },
  {
    "value": "королева выпускного",
    "synonyms": [
      "королева выпускного"
    ]
  },
  {
    "value": "Самоизоляция",
    "synonyms": [
      "Самоизоляция"
    ]
  },
  {
    "value": "Все наши мечты",
    "synonyms": [
      "Все наши мечты"
    ]
  },
  {
    "value": "Сыграю",
    "synonyms": [
      "Сыграю"
    ]
  },
  {
    "value": "Чай лучше сигарет",
    "synonyms": [
      "Чай лучше сигарет"
    ]
  },
  {
    "value": "Самая тёмная ночь",
    "synonyms": [
      "Самая тёмная ночь"
    ]
  },
  {
    "value": "здесь были",
    "synonyms": [
      "здесь были"
    ]
  },
  {
    "value": "Больно",
    "synonyms": [
      "Больно"
    ]
  },
  {
    "value": "Глаза",
    "synonyms": [
      "Глаза"
    ]
  },
  {
    "value": "В моём тихом омуте",
    "synonyms": [
      "В моём тихом омуте"
    ]
  },
  {
    "value": "грязь",
    "synonyms": [
      "грязь"
    ]
  },
  {
    "value": "сорри",
    "synonyms": [
      "сорри"
    ]
  },
  {
    "value": "мелочь",
    "synonyms": [
      "мелочь"
    ]
  },
  {
    "value": "по привычке",
    "synonyms": [
      "по привычке"
    ]
  },
  {
    "value": "Курточка",
    "synonyms": [
      "Курточка"
    ]
  },
  {
    "value": "Стану",
    "synonyms": [
      "Стану"
    ]
  },
  {
    "value": "Май",
    "synonyms": [
      "Май"
    ]
  },
  {
    "value": "Градус",
    "synonyms": [
      "Градус"
    ]
  },
  {
    "value": "Вспоминай",
    "synonyms": [
      "Вспоминай"
    ]
  },
  {
    "value": "Мокрые вансы",
    "synonyms": [
      "Мокрые вансы"
    ]
  },
  {
    "value": "Go off the Deep End",
    "synonyms": [
      "Go off the Deep End"
    ]
  },
  {
    "value": "Подруга",
    "synonyms": [
      "Подруга"
    ]
  },
  {
    "value": "Если мы с тобой умрем",
    "synonyms": [
      "Если мы с тобой умрем"
    ]
  },
  {
    "value": "Я всегда помню о главном",
    "synonyms": [
      "Я всегда помню о главном"
    ]
  },
  {
    "value": "Дзифт",
    "synonyms": [
      "Дзифт"
    ]
  },
  {
    "value": "Heartburn",
    "synonyms": [
      "Heartburn"
    ]
  },
  {
    "value": "Basic Instinct",
    "synonyms": [
      "Basic Instinct"
    ]
  },
  {
    "value": "Татуировки",
    "synonyms": [
      "Татуировки"
    ]
  },
  {
    "value": "Глаза океаны",
    "synonyms": [
      "Глаза океаны"
    ]
  },
  {
    "value": "Пыль в глаза",
    "synonyms": [
      "Пыль в глаза"
    ]
  },
  {
    "value": "Разговоры с самим собой",
    "synonyms": [
      "Разговоры с самим собой"
    ]
  },
  {
    "value": "Варвара",
    "synonyms": [
      "Варвара"
    ]
  },
  {
    "value": "Изгой",
    "synonyms": [
      "Изгой"
    ]
  },
  {
    "value": "КОРЬ",
    "synonyms": [
      "КОРЬ"
    ]
  },
  {
    "value": "вдвоем",
    "synonyms": [
      "вдвоем"
    ]
  },
  {
    "value": "Не выключай свет",
    "synonyms": [
      "Не выключай свет"
    ]
  },
  {
    "value": "Титаник",
    "synonyms": [
      "Титаник"
    ]
  },
  {
    "value": "broken",
    "synonyms": [
      "broken"
    ]
  },
  {
    "value": "Again",
    "synonyms": [
      "Again"
    ]
  },
  {
    "value": "утро",
    "synonyms": [
      "утро"
    ]
  },
  {
    "value": "Я в тебе нашел абсолютно все",
    "synonyms": [
      "Я в тебе нашел абсолютно все"
    ]
  },
  {
    "value": "Cap",
    "synonyms": [
      "Cap"
    ]
  },
  {
    "value": "LMK",
    "synonyms": [
      "LMK"
    ]
  },
  {
    "value": "Mood",
    "synonyms": [
      "Mood"
    ]
  },
  {
    "value": "Tikitok",
    "synonyms": [
      "Tikitok"
    ]
  },
  {
    "value": "Свадьба под виселицей",
    "synonyms": [
      "Свадьба под виселицей"
    ]
  },
  {
    "value": "Наверное, это любовь",
    "synonyms": [
      "Наверное это любовь"
    ]
  },
  {
    "value": "Treehouse",
    "synonyms": [
      "Treehouse"
    ]
  },
  {
    "value": "Звёзды на крыше",
    "synonyms": [
      "Звёзды на крыше"
    ]
  },
  {
    "value": "Социально болен",
    "synonyms": [
      "Социально болен"
    ]
  },
  {
    "value": "Where\u0027s My Love",
    "synonyms": [
      "Where\u0027s My Love"
    ]
  },
  {
    "value": "You\u0027re Somebody Else",
    "synonyms": [
      "You\u0027re Somebody Else"
    ]
  },
  {
    "value": "Помоги",
    "synonyms": [
      "Помоги"
    ]
  },
  {
    "value": "Запах твоих губ",
    "synonyms": [
      "Запах твоих губ"
    ]
  },
  {
    "value": "Мальчишки",
    "synonyms": [
      "Мальчишки"
    ]
  },
  {
    "value": "Anchor",
    "synonyms": [
      "Anchor"
    ]
  },
  {
    "value": "СВБТ (Сатана всегда будет с тобой)",
    "synonyms": [
      "СВБТ",
      "Сатана всегда будет с тобой"
    ]
  },
  {
    "value": "Hurt",
    "synonyms": [
      "Hurt"
    ]
  },
  {
    "value": "Кто ты?",
    "synonyms": [
      "Кто ты"
    ]
  },
  {
    "value": "День, когда мы встретились с тобой",
    "synonyms": [
      "День, когда мы встретились с тобой"
    ]
  },
  {
    "value": "Не спи со мной",
    "synonyms": [
      "Не спи со мной"
    ]
  },
  {
    "value": "Остаться",
    "synonyms": [
      "Остаться"
    ]
  },
  {
    "value": "parents",
    "synonyms": [
      "parents"
    ]
  },
  {
    "value": "Не оставляй меня",
    "synonyms": [
      "Не оставляй меня"
    ]
  },
  {
    "value": "Сигарет дым",
    "synonyms": [
      "Сигарет дым"
    ]
  },
  {
    "value": "Предел мечты",
    "synonyms": [
      "Предел мечты"
    ]
  },
  {
    "value": "Надо ли",
    "synonyms": [
      "Надо ли"
    ]
  },
  {
    "value": "Cut My Hair",
    "synonyms": [
      "Cut My Hair"
    ]
  },
  {
    "value": "Не выдумывай",
    "synonyms": [
      "Не выдумывай"
    ]
  },
  {
    "value": "You",
    "synonyms": [
      "You"
    ]
  },
  {
    "value": "Breezeblocks",
    "synonyms": [
      "Breezeblocks"
    ]
  },
  {
    "value": "Mystery of Love",
    "synonyms": [
      "Mystery of Love"
    ]
  },
  {
    "value": "Feelin",
    "synonyms": [
      "Feelin"
    ]
  },
  {
    "value": "Games",
    "synonyms": [
      "Games"
    ]
  },
  {
    "value": "Crush",
    "synonyms": [
      "Crush"
    ]
  },
  {
    "value": "Play with Fire (feat. Yacht Money)",
    "synonyms": [
      "Play with Fire feat Yacht Money"
    ]
  },
  {
    "value": "Broken",
    "synonyms": [
      "Broken"
    ]
  },
  {
    "value": "Daddy Issues",
    "synonyms": [
      "Daddy Issues"
    ]
  },
  {
    "value": "Все пока [muzmo.ru]",
    "synonyms": [
      "Все пока [muzmo.ru]"
    ]
  },
  {
    "value": "Caffeine",
    "synonyms": [
      "Caffeine"
    ]
  },
  {
    "value": "Чёрные взлётные полосы",
    "synonyms": [
      "Чёрные взлётные полосы"
    ]
  },
  {
    "value": "Michelle",
    "synonyms": [
      "Michelle"
    ]
  },
  {
    "value": "СНЕГОМ",
    "synonyms": [
      "СНЕГОМ"
    ]
  },
  {
    "value": "idfc",
    "synonyms": [
      "idfc"
    ]
  },
  {
    "value": "Между Нами",
    "synonyms": [
      "Между Нами"
    ]
  },
  {
    "value": "кладбище",
    "synonyms": [
      "кладбище"
    ]
  },
  {
    "value": "День дешевого искусства",
    "synonyms": [
      "День дешевого искусства"
    ]
  },
  {
    "value": "Всё зависит от нас",
    "synonyms": [
      "Всё зависит от нас"
    ]
  },
  {
    "value": "Вино и сигареты",
    "synonyms": [
      "Вино и сигареты"
    ]
  },
  {
    "value": "мемы",
    "synonyms": [
      "мемы"
    ]
  },
  {
    "value": "Track 29",
    "synonyms": [
      "Track 29"
    ]
  },
  {
    "value": "Место под названием Родина.",
    "synonyms": [
      "Место под названием Родина"
    ]
  },
  {
    "value": "мальчик",
    "synonyms": [
      "мальчик"
    ]
  },
  {
    "value": "kiss",
    "synonyms": [
      "kiss"
    ]
  },
  {
    "value": "volna",
    "synonyms": [
      "volna",
      "моя волна",
      "мою волну",
      "vk mix",
      "вк микс",
      "вк mix",
      "vk микс"
    ]
  },
  {
    "value": "my",
    "synonyms": [
      "my",
      "мою музыку",
      "моя музыка",
      "мои песни"
    ]
  }
]