[
  {
    "value": "-30",
    "synonyms": [
      "-30",
      "потише",
      "тише",
      "убавь звук",
      "уменьши громкость",
      "убавь громкость",
      "меньше",
      "минус"
    ]
  },
  {
    "value": "+30",
    "synonyms": [
      "30",
      "погромче",
      "громче",
      "прибавь звук",
      "увеличь громкость",
      "больше",
      "плюс",
      "x"
    ]
  },
  {
    "value": "-15",
    "synonyms": [
      "-15",
      "чуть тише",
      "чуть чуть тише",
      "чуть потише",
      "чуть чуть потише"
    ]
  },
  {
    "value": "+15",
    "synonyms": [
      "+15",
      "чуть громче",
      "чуть чуть громче",
      "чуть погромче",
      "чуть чуть погромче"
    ]
  },
  {
    "value": "+100",
    "synonyms": [
      "100",
      "громкость на максимум",
      "максимальная громкость",
      "максимум",
      "максимальная",
      "на всю"
    ]
  },
  {
    "value": "-100",
    "synonyms": [
      "-100",
      "громкость на минимум",
      "минимальная громкость"
    ]
  }
]